id,surname,birthday,address,phone_number
1,Caryl,27-01-1996,2 Farmco Crossing,595-642-5891
2,Guglielmo,10-06-1996,86943 Chive Way,538-266-7527
3,Aprilette,16-01-1995,697 Sachs Avenue,859-366-3566
4,Dorree,30-12-1998,33 Mayfield Way,883-884-4505
5,Darbee,17-05-1998,969 Loeprich Trail,725-355-0696
6,Hallie,02-07-1998,9 Elgar Road,519-458-3990
7,Harriott,23-01-1995,2563 Porter Road,586-764-1785
8,Hobard,29-05-1997,5 Eastlawn Junction,308-512-3852
9,Aloysius,20-05-1997,32 Moland Street,912-674-3072
10,Albertina,28-01-1995,627 Donald Alley,467-644-1839
11,Joya,19-01-1998,0 Russell Court,799-734-5190
12,Audrey,09-06-1998,18237 Hudson Point,178-497-8490
13,Brit,13-07-1995,0213 Ridgeway Point,209-787-1931
14,Gerianne,14-05-1995,0950 Kingsford Park,654-478-6778
15,Urbain,21-04-1995,2739 Spaight Trail,248-756-0835
16,Adella,21-04-1995,7 Holmberg Plaza,769-720-5106
17,Ave,04-11-1995,2 Pearson Place,728-245-1404
18,Dorothy,23-10-1998,403 Cherokee Trail,880-429-9958
19,Kelvin,06-10-1995,808 Springview Avenue,912-369-0689
20,Cecile,23-10-1997,1 Lighthouse Bay Trail,515-886-0545
21,Dun,08-05-1996,519 Pierstorff Parkway,181-360-8627
22,Pincus,21-08-1996,9668 Gale Way,874-584-3902
23,Tracey,01-10-1997,38542 Prairieview Hill,965-601-2784
24,Natassia,14-01-1997,7 Morrow Pass,531-878-8543
25,Vasily,13-08-1995,32614 Dapin Park,334-250-7082
26,Domenico,22-01-1997,27987 Banding Junction,681-798-7953
27,Yancy,28-10-1995,726 Commercial Road,197-783-8934
28,Winfield,09-05-1997,567 Cordelia Court,900-266-2737
29,Lukas,12-05-1997,584 Redwing Trail,784-701-1884
30,Shel,24-06-1995,569 Kenwood Lane,941-155-3951
31,Garvey,27-10-1995,226 Southridge Way,788-521-8762
32,Dorothea,03-02-1996,15 Lakewood Gardens Way,823-870-5850
33,Sydney,04-04-1995,73712 Arrowood Plaza,606-773-9917
34,Charity,06-11-1995,4404 Little Fleur Court,437-277-1077
35,Fanni,02-12-1995,0043 Lillian Alley,227-279-5094
36,Bealle,06-01-1996,72944 Declaration Plaza,124-116-9112
37,Brigida,15-04-1998,834 Glacier Hill Terrace,461-718-7549
38,Emmott,28-01-1998,2 Tennessee Point,426-461-0392
39,Stanly,12-07-1995,91123 Mallard Terrace,936-115-9665
40,Mendie,29-11-1998,8 Lunder Pass,938-944-0037
41,Conny,11-11-1995,086 Hoffman Lane,452-187-5436
42,Barrett,07-05-1998,38 Sugar Pass,843-625-6394
43,Emily,26-03-1997,14895 Springs Avenue,283-325-6272
44,Britt,28-10-1995,26 Meadow Ridge Trail,262-457-1793
45,Aldridge,23-03-1995,123 5th Place,932-807-9348
46,Arvy,29-06-1996,89318 Upham Trail,865-516-7667
47,Loria,18-02-1995,1403 Daystar Road,265-941-5894
48,Deeann,21-02-1997,5167 Carberry Plaza,583-894-1089
49,Konrad,08-06-1995,6 Morning Plaza,158-441-5096
50,Ysabel,16-08-1998,59343 Scofield Avenue,295-918-4814
51,Nell,23-01-1997,975 Crowley Drive,138-635-3356
52,Adham,21-12-1998,59 Namekagon Avenue,416-861-3238
53,Robin,14-02-1996,70610 Kim Street,791-772-7750
54,Rafael,20-11-1998,07346 Roxbury Trail,943-609-1879
55,Ody,16-03-1995,94220 Messerschmidt Crossing,803-641-4986
56,Ros,01-03-1996,86107 Texas Way,215-601-0272
57,Natale,04-02-1996,69 East Trail,940-743-5490
58,Koenraad,30-08-1997,08 Jenifer Parkway,890-365-8413
59,Bastian,30-09-1996,95 Fordem Parkway,535-480-4566
60,Berenice,13-12-1996,1736 Di Loreto Plaza,809-841-2101
61,Sibella,15-11-1995,2 Laurel Court,303-166-4035
62,Clemmie,18-05-1997,60 Canary Plaza,911-642-0083
63,Carri,27-09-1997,824 3rd Terrace,412-695-0261
64,Truman,14-11-1998,95895 Lotheville Court,544-224-4837
65,Dari,11-04-1995,80190 Steensland Park,187-881-7988
66,Carmon,08-04-1998,7 Mccormick Park,682-816-4399
67,Berny,01-05-1997,12200 Barnett Terrace,733-245-2626
68,Pierson,22-07-1996,5564 East Hill,617-488-1137
69,Hardy,02-01-1999,8712 Annamark Alley,497-659-3713
70,Loreen,02-05-1996,71232 Rusk Alley,710-496-9060
71,Mort,12-01-1997,3635 Bellgrove Center,876-694-9412
72,Ruddie,16-07-1996,4 Oriole Point,884-340-1939
73,Harmonie,12-10-1998,7 Birchwood Parkway,767-566-1962
74,Jess,21-09-1997,03 Reinke Terrace,173-158-1674
75,Margaret,28-10-1997,06 Kennedy Trail,644-845-7733
76,Kathryne,30-04-1997,0 Sundown Alley,707-968-5184
77,Cash,01-04-1997,1340 Mendota Pass,669-341-0879
78,Miran,02-12-1997,77 Havey Alley,798-944-3597
79,Allister,13-04-1997,52 Novick Way,197-193-9258
80,Connor,31-03-1998,59 Lyons Center,825-784-3786
81,Candra,22-01-1996,45 Hollow Ridge Place,184-198-4990
82,Toddy,12-10-1997,0 Alpine Crossing,347-296-3220
83,Arlen,28-12-1997,654 Summer Ridge Pass,372-198-4686
84,Malissia,26-03-1998,1697 Bultman Circle,129-328-5059
85,Stella,11-09-1996,91 Commercial Avenue,326-799-3862
86,Chicky,20-07-1998,6 Del Sol Court,613-530-5218
87,Camille,27-10-1998,6063 New Castle Street,811-117-8946
88,Angel,20-09-1998,140 Moulton Center,902-574-5970
89,Evie,15-05-1995,936 Farwell Crossing,544-696-5516
90,Audrey,17-10-1997,09 Fairview Pass,490-989-8974
91,Thurston,12-03-1996,49 Lerdahl Place,543-976-4672
92,Jamison,24-07-1995,08680 Saint Paul Pass,203-543-9567
93,Putnam,25-02-1995,69781 Waubesa Lane,806-698-6120
94,Jeannette,27-07-1998,02223 Dahle Junction,122-605-5508
95,Jonathon,01-02-1996,7 Butterfield Street,656-589-5623
96,Krystal,03-11-1996,06942 Messerschmidt Court,468-470-4237
97,Dale,07-05-1996,96503 Bartelt Alley,207-766-5118
98,Marcus,02-02-1998,7 Gateway Road,771-466-6384
99,Harald,25-03-1995,69883 Goodland Center,213-125-3502
100,Stesha,28-12-1997,69921 Bayside Lane,715-820-0663
101,Scottie,10-10-1998,908 Union Crossing,205-669-0546
102,Hilton,21-05-1996,474 Anniversary Hill,969-804-4525
103,Creight,04-09-1998,13 Milwaukee Plaza,463-139-7117
104,Tabbie,26-05-1997,85 Monica Court,963-428-7719
105,Madelle,03-10-1997,42460 Colorado Court,394-703-0957
106,Jeri,15-12-1996,078 Sachtjen Trail,981-643-3887
107,Launce,01-07-1995,198 Pearson Hill,267-834-5223
108,Stacee,06-08-1998,406 Blue Bill Park Court,994-975-8697
109,Gerrard,04-08-1995,3 Sunfield Terrace,790-605-7010
110,Erich,07-03-1997,4373 Iowa Center,151-597-0257
111,Alva,24-09-1996,84840 Pepper Wood Court,900-962-7991
112,Lewie,27-12-1997,3017 Sommers Point,320-808-9748
113,Eloisa,15-12-1995,1 6th Lane,951-899-7966
114,Friedrick,18-05-1996,9025 Cascade Park,284-575-2416
115,Kath,04-08-1996,60434 Paget Court,808-297-3116
116,Fairfax,21-03-1995,0 Merry Crossing,644-197-2546
117,Matti,09-10-1997,4 Bartelt Avenue,803-458-4437
118,Lindsy,08-06-1995,53456 Golden Leaf Street,874-960-8761
119,Robin,28-07-1996,12953 Loftsgordon Circle,906-930-0830
120,Theresita,07-07-1997,86 Badeau Court,336-390-0057
121,Megen,23-04-1995,61 Hudson Terrace,114-888-3050
122,Shirley,03-08-1998,73530 Rusk Lane,290-727-4844
123,Waverly,09-11-1997,92 Artisan Drive,926-125-1541
124,Winnie,21-12-1997,66 Darwin Drive,969-497-3221
125,Ottilie,25-05-1996,47789 Cascade Point,569-217-0784
126,Chlo,04-12-1998,66 Riverside Court,831-695-4857
127,Milty,25-02-1995,999 Arkansas Plaza,502-368-5246
128,Natka,09-09-1995,08047 Carpenter Hill,158-976-1692
129,Garry,18-04-1996,3 Eggendart Trail,304-387-8738
130,Deana,13-02-1998,6 8th Alley,539-967-1501
131,Carlene,21-06-1998,8654 Summit Crossing,412-470-8046
132,Orson,26-04-1997,7 Darwin Alley,377-302-6252
133,Georgine,16-01-1995,4 Golden Leaf Parkway,863-679-7873
134,Drake,20-11-1997,78461 Thompson Parkway,324-399-8000
135,Dee dee,27-04-1995,8 Anthes Street,345-884-0373
136,Cari,09-04-1996,6853 Crowley Street,361-364-2132
137,Leontine,25-01-1997,69 Knutson Avenue,593-493-3471
138,Raquel,17-01-1995,3 Vidon Crossing,649-104-2246
139,Eve,26-03-1997,0 Reindahl Parkway,138-198-3916
140,Samantha,07-07-1996,16 Dayton Avenue,257-303-4595
141,Filia,03-08-1995,98438 Florence Drive,865-315-5942
142,Zia,17-02-1995,61 Golf Circle,121-895-5984
143,Suzie,27-03-1997,3 Ramsey Avenue,595-710-0871
144,Lee,10-07-1998,8 Roth Circle,339-808-3689
145,Milly,27-08-1997,29837 Westerfield Parkway,801-803-9621
146,Torin,01-04-1995,9 Waxwing Pass,834-997-8083
147,Felicia,02-06-1996,30 Oriole Avenue,433-357-6076
148,Jazmin,19-06-1997,47912 Vidon Street,779-647-3983
149,Brittney,30-09-1996,27 Judy Trail,862-884-5363
150,Penelopa,27-01-1995,45763 Pierstorff Parkway,313-987-1599
151,Judith,14-08-1998,58357 Ramsey Alley,892-339-5501
152,Tiertza,26-03-1996,2 Ridge Oak Crossing,663-663-4242
153,Leoline,14-06-1996,54424 Dwight Parkway,630-555-0679
154,Geneva,12-07-1998,5156 Knutson Terrace,115-208-3605
155,Marthe,21-05-1996,7430 Oak Terrace,164-447-8614
156,Rebeca,02-01-1996,58897 Marquette Center,748-153-7820
157,Brana,19-12-1995,01541 Transport Junction,807-330-7364
158,Raddie,08-12-1997,40 Carey Point,794-645-4904
159,Starlin,21-06-1995,0072 Nobel Trail,267-450-1404
160,Leland,07-05-1998,7679 Logan Center,981-248-0844
161,Westleigh,23-12-1998,32220 Summerview Parkway,374-645-5511
162,Harv,11-03-1997,7 Hansons Place,668-540-6479
163,Arvie,05-05-1996,74924 Hooker Street,572-541-9566
164,Kiley,31-12-1997,4007 Golf Course Court,561-729-4699
165,Rhonda,06-10-1995,050 Briar Crest Parkway,149-666-9958
166,Ahmad,24-12-1997,18 Welch Lane,312-526-2377
167,Jobey,02-06-1996,375 Kinsman Park,713-903-3577
168,Blondy,07-05-1998,8056 Pennsylvania Circle,120-678-2809
169,Isador,13-01-1995,6990 Stone Corner Junction,203-367-1347
170,Fran,11-09-1998,2581 Steensland Street,952-320-9445
171,Nanni,27-12-1998,4754 Kensington Court,785-860-8060
172,Mabel,04-12-1995,70250 Loeprich Alley,687-637-2884
173,Maurise,30-06-1996,2579 Mosinee Hill,507-860-8100
174,Dixie,07-05-1996,834 Judy Terrace,814-540-4602
175,Elsy,07-12-1998,5 Elmside Avenue,442-271-4091
176,Allx,26-03-1997,01140 Sutherland Circle,833-352-6507
177,Letitia,18-05-1997,01 Burning Wood Circle,154-509-2415
178,Ulric,17-10-1995,6188 Valley Edge Alley,355-833-4500
179,Bondon,29-10-1995,02 Eggendart Trail,113-275-4275
180,Romy,16-11-1995,3 Kingsford Road,687-762-5989
181,Pepillo,19-06-1997,4675 Spenser Drive,722-468-6847
182,Floria,13-09-1995,28758 Atwood Center,404-702-9647
183,Susy,07-04-1997,7 Manitowish Avenue,974-686-0745
184,Lilas,07-03-1995,5 Kropf Crossing,460-491-9603
185,Ree,18-06-1996,43370 Dovetail Lane,834-562-6777
186,Livy,07-12-1995,872 Menomonie Drive,184-508-5064
187,Thane,12-07-1995,033 Gerald Park,558-411-8464
188,Shana,13-07-1996,145 Eliot Avenue,112-916-2318
189,Anastasia,05-10-1998,86561 Westend Way,605-443-7847
190,Brnaby,21-08-1995,26 Larry Circle,516-630-0722
191,Annie,05-07-1995,630 Carioca Avenue,912-569-0027
192,Gradeigh,07-12-1998,15 Arkansas Junction,992-226-4692
193,Dredi,22-05-1998,21099 Cody Circle,171-136-0867
194,Oona,16-07-1996,64 Schmedeman Point,116-970-0505
195,Kyla,31-05-1998,984 Tony Lane,307-153-7061
196,Morry,25-03-1995,0 Stephen Point,290-809-0459
197,Joete,21-08-1998,7377 Golden Leaf Terrace,400-353-8675
198,Augustine,15-01-1998,83 Hagan Point,917-335-1363
199,Tomasine,31-01-1995,73 Barby Lane,249-493-4111
200,Juan,21-08-1996,5927 Karstens Street,587-352-1744
201,Simonne,09-12-1998,8 Nancy Hill,602-192-9970
202,Issy,19-01-1996,57 Stuart Court,267-596-1020
203,Darda,10-05-1998,15 Loeprich Alley,199-507-7032
204,Pate,15-01-1997,9604 Surrey Point,264-276-7890
205,Jeffry,13-03-1996,906 Coleman Plaza,149-600-6589
206,Gar,05-07-1996,384 Hazelcrest Point,172-954-9035
207,Derk,13-03-1997,4468 Novick Place,546-199-5816
208,Gunther,28-06-1997,8 Moose Trail,820-449-1141
209,Worden,22-12-1998,5 Graedel Terrace,925-184-0524
210,Burton,14-08-1995,5 Crownhardt Center,713-227-3577
211,Elinor,02-04-1998,8626 Bluestem Park,921-241-4252
212,Edithe,03-12-1997,12 8th Junction,975-342-0642
213,Ennis,08-04-1998,18 Mayfield Court,210-774-4196
214,Norma,05-08-1998,46998 Messerschmidt Court,644-201-1087
215,Annora,19-11-1995,60 Oakridge Trail,839-205-8384
216,Jessee,26-01-1998,7 Schlimgen Plaza,597-498-8825
217,Bernadine,27-03-1996,4502 Fremont Lane,609-280-9161
218,Fairfax,26-10-1996,4096 Linden Place,391-867-8681
219,Kathy,25-11-1997,70364 Golden Leaf Junction,123-182-6454
220,Kial,29-03-1997,8513 Anthes Park,236-790-0046
221,Philbert,12-01-1997,1545 Londonderry Parkway,735-348-8521
222,Minny,01-12-1998,79301 Golden Leaf Point,827-884-7375
223,Andria,16-12-1997,0391 Pennsylvania Circle,373-845-6321
224,Moises,27-12-1998,06 Reindahl Street,402-616-0368
225,Ariella,28-11-1998,4464 Butternut Circle,838-592-0947
226,Richart,11-03-1998,160 Crownhardt Trail,545-572-6812
227,Jenilee,24-02-1995,793 Red Cloud Plaza,344-211-0020
228,Ingaborg,16-05-1995,15 Scoville Circle,284-943-7572
229,Xaviera,30-05-1995,9 Bartillon Lane,282-215-3409
230,Robyn,27-03-1995,3 Banding Terrace,736-366-0382
231,Vite,25-04-1997,579 Randy Trail,107-566-3593
232,Colin,03-04-1996,35 Summer Ridge Street,334-478-7553
233,Clementius,03-06-1996,758 Johnson Lane,464-766-0454
234,Archambault,08-02-1997,059 Farwell Terrace,760-232-8127
235,Leena,01-02-1997,6072 Banding Parkway,383-745-9647
236,Cathrine,08-10-1997,668 Duke Lane,860-959-4388
237,Gwyn,18-01-1995,24 Longview Plaza,995-281-5258
238,Gabrielle,01-06-1998,4 Cherokee Drive,800-407-3049
239,Nettle,15-12-1998,52227 Ridge Oak Road,888-765-7708
240,Johannah,25-10-1995,6545 6th Avenue,585-819-2345
241,Sileas,03-06-1997,61 Katie Place,132-614-3805
242,Benedicto,13-05-1997,4 Susan Trail,792-630-4152
243,Breena,21-06-1997,91155 Blackbird Parkway,260-141-5656
244,Tan,22-08-1996,817 Vera Lane,909-554-8127
245,Ladonna,27-03-1998,25171 Old Shore Point,104-898-9430
246,Flora,07-11-1997,3 Oakridge Circle,113-623-2549
247,Anna-maria,14-06-1995,9 Shasta Hill,974-831-2650
248,Margot,04-05-1997,018 Manufacturers Alley,954-547-2077
249,Cam,15-03-1996,86 Continental Plaza,752-312-1210
250,Hermie,11-05-1995,610 Atwood Parkway,821-274-6101
251,Ignatius,17-05-1996,05931 Meadow Ridge Street,631-315-5671
252,Nicholle,19-02-1997,670 Fisk Center,256-942-4190
253,Dill,12-09-1996,210 Buhler Hill,694-964-9686
254,Ginnifer,04-10-1998,84854 Mesta Street,212-667-5980
255,Blondie,28-12-1995,8 Hoard Street,842-495-6057
256,Tedie,12-11-1997,8950 5th Lane,171-613-1797
257,Sarina,06-01-1997,9 Hauk Crossing,151-654-6880
258,Loralyn,11-10-1995,7 Dovetail Drive,645-383-1576
259,Stuart,20-10-1998,2652 Spaight Street,208-539-5357
260,Dorian,22-01-1998,51 Oak Valley Avenue,695-166-1890
261,Una,04-10-1996,1 Arkansas Crossing,701-929-6610
262,Gillian,23-01-1998,4519 Northland Drive,848-615-6120
263,Dasha,17-12-1995,1389 Longview Road,745-535-4349
264,Carlynne,13-10-1995,5219 Manley Trail,973-241-3669
265,Freda,30-09-1997,7 Golf Course Lane,104-316-3777
266,Mattie,20-12-1997,50 Lawn Pass,431-947-5028
267,Ryan,27-05-1995,5 Arkansas Center,669-542-4187
268,Luke,05-03-1995,606 Anderson Court,302-269-4017
269,Hasty,17-12-1996,89401 Ludington Street,269-903-2316
270,Thorsten,18-05-1996,07 Twin Pines Hill,312-985-4129
271,Stevy,19-02-1996,814 Sloan Crossing,989-616-4363
272,Christel,17-02-1998,0 Shoshone Avenue,556-412-2603
273,Ketti,11-04-1998,66 Lakewood Avenue,378-119-2534
274,Fredrick,07-12-1995,33464 Westend Drive,823-864-0775
275,Lemar,03-04-1998,1044 Comanche Alley,450-835-1434
276,Abeu,15-11-1996,3 Eagan Trail,150-200-0668
277,Karyl,16-06-1995,5781 Summer Ridge Avenue,807-615-7510
278,Katya,04-12-1996,26252 Golf View Parkway,205-600-1819
279,Rene,16-08-1995,8604 Dexter Hill,149-819-2276
280,Rickard,23-01-1995,8988 Chive Center,925-378-8978
281,Jacky,18-10-1996,5 Hanover Terrace,471-669-6950
282,Katharina,01-11-1997,36 Division Point,440-782-7714
283,Celina,20-10-1997,63 Golden Leaf Terrace,225-481-8746
284,Jillene,03-01-1996,67 Waywood Parkway,794-662-6839
285,Cris,15-10-1995,3 Kinsman Park,792-831-4631
286,David,27-11-1995,86 Melody Point,747-994-3994
287,Jolynn,19-11-1997,410 Fulton Circle,949-840-4906
288,Ezra,16-01-1995,1 Corscot Place,984-546-9510
289,Loralyn,14-03-1996,26825 Southridge Pass,724-779-9965
290,Scotty,28-08-1995,0797 Moose Place,380-508-0603
291,Miller,15-04-1996,0278 Vera Junction,985-276-4072
292,Jenelle,01-11-1996,42945 Hoffman Place,594-604-9156
293,Marlon,13-08-1998,48 Mccormick Trail,747-783-8700
294,Odelle,26-03-1997,1 Michigan Alley,999-490-7043
295,Gisela,14-08-1995,5 Westport Point,116-718-3069
296,Monica,02-02-1995,43551 Badeau Drive,754-556-9719
297,Pren,08-12-1995,01 Scoville Lane,329-640-9738
298,Parnell,14-11-1997,45 Petterle Trail,356-801-4359
299,Elyssa,12-05-1995,22 Transport Plaza,454-771-0734
300,Theodor,27-07-1995,3372 Bluestem Lane,883-783-4146
301,Diana,26-12-1996,4 Mayfield Junction,374-170-9765
302,Ferdinanda,27-01-1998,095 Fordem Court,671-850-3717
303,Burty,12-11-1998,52819 Golden Leaf Junction,695-988-0656
304,Glynis,25-02-1997,82 Crest Line Drive,402-284-1614
305,Gayle,26-02-1997,475 Buena Vista Hill,883-442-2405
306,Stephenie,04-12-1997,7441 Maryland Hill,801-252-7113
307,Cross,03-12-1995,3948 Towne Park,589-907-3019
308,Faulkner,21-06-1996,0 Shoshone Point,909-366-9187
309,Gilligan,29-05-1998,3 Miller Center,352-855-2360
310,Jules,27-04-1997,89379 Roth Pass,182-999-7346
311,Waiter,09-01-1995,3 Moland Center,382-718-4033
312,Annamarie,18-11-1997,8 Meadow Valley Terrace,779-785-4789
313,Oona,06-08-1998,132 Hovde Road,756-611-9146
314,Barbabas,12-12-1997,192 Lighthouse Bay Crossing,532-726-0417
315,Pammi,14-08-1996,1105 Arizona Hill,727-889-2057
316,Rowena,06-11-1995,7231 Browning Park,571-245-7609
317,Korie,26-01-1998,6 Meadow Vale Lane,189-592-3230
318,Edgar,22-03-1996,481 Mosinee Plaza,927-610-5335
319,Eddie,13-02-1997,629 Garrison Circle,286-866-5381
320,Wrennie,27-06-1995,09 Kedzie Circle,993-958-3166
321,Barby,22-09-1998,3163 Bultman Junction,860-496-1073
322,James,01-08-1996,1643 Reindahl Street,464-268-2626
323,Chicky,07-06-1995,388 Bonner Court,292-103-9623
324,Felicity,15-08-1995,8 Bluestem Terrace,643-757-9788
325,Briano,04-07-1997,186 Brown Pass,429-609-3948
326,Robby,12-11-1995,6 South Alley,386-644-9237
327,Rebbecca,29-03-1995,6646 Bluejay Parkway,841-598-6219
328,Ralf,07-01-1996,73 Elmside Plaza,384-622-7691
329,Wally,13-04-1995,2 Nobel Way,160-149-6111
330,Giovanni,25-04-1998,2 Lien Junction,825-796-0145
331,Lotti,23-03-1995,94 Sullivan Junction,212-711-4797
332,Berk,29-03-1996,49 Pepper Wood Junction,649-903-4969
333,Nolly,20-03-1995,565 Shelley Parkway,192-842-3511
334,Curtice,01-09-1997,805 Carey Junction,704-859-9217
335,Merilee,24-09-1998,130 Sloan Court,862-142-2467
336,Errick,24-04-1996,21 Northridge Road,692-778-7394
337,Janice,21-05-1996,10793 Prentice Junction,793-897-6904
338,Sammy,27-08-1995,7125 Sunfield Crossing,732-848-7115
339,Gustaf,07-09-1998,3 Pleasure Parkway,587-769-6132
340,Sorcha,11-02-1997,146 Vernon Avenue,219-554-1207
341,Tamma,07-06-1995,89 Waxwing Point,687-135-6999
342,Nelli,19-05-1995,7 Burning Wood Terrace,453-684-9057
343,Eryn,20-09-1995,8883 Pepper Wood Plaza,814-472-7987
344,Fran,28-05-1998,4 Waywood Park,318-400-6966
345,Frasquito,04-10-1995,5978 Johnson Parkway,355-617-2503
346,Mathew,30-11-1996,1569 Reindahl Junction,527-739-2340
347,Jeane,07-09-1998,8 Independence Hill,903-625-3746
348,Angelico,16-07-1998,73262 Old Shore Street,718-678-7179
349,Slade,29-11-1996,74014 5th Place,446-617-4687
350,Donnamarie,23-11-1997,1 Ryan Court,105-543-6663
351,Allx,07-08-1997,349 Spaight Center,318-196-3937
352,Mateo,23-03-1996,8821 Crowley Drive,750-267-9056
353,Art,06-10-1995,75 Melvin Trail,158-278-2153
354,Nero,01-10-1996,11078 Marcy Trail,225-947-9831
355,Meta,02-09-1995,7750 Spenser Point,321-543-1867
356,Uri,17-12-1998,25 Sunfield Park,935-445-5633
357,Reade,16-11-1996,7 Memorial Drive,443-167-8616
358,Nealy,17-01-1995,62 Jenna Way,833-109-5274
359,Kata,30-11-1998,7 Dexter Crossing,976-405-0319
360,Fons,17-10-1995,941 Melby Hill,427-988-6634
361,Ronalda,05-02-1995,97129 Tomscot Lane,196-823-9206
362,Tailor,04-03-1998,292 Bellgrove Point,200-244-9359
363,Halsy,20-03-1997,73539 Division Road,404-422-1323
364,Temp,11-02-1998,8 Carioca Trail,881-784-5851
365,Deva,18-04-1995,280 Fremont Avenue,355-476-2398
366,Brandie,17-11-1997,4782 Graedel Pass,136-757-7145
367,Audrey,19-09-1997,1984 Dawn Circle,287-434-9125
368,Laryssa,14-11-1998,6041 Dayton Point,553-721-1835
369,Aurora,21-08-1997,6741 Bultman Lane,124-739-8628
370,Cindra,13-01-1997,37187 Orin Center,354-526-9000
371,Peg,25-05-1997,4510 Chive Lane,362-188-4956
372,Doreen,20-01-1998,80536 Bluejay Avenue,954-819-9628
373,Alberik,19-02-1997,14386 Loomis Street,795-866-7361
374,Seana,22-08-1997,35210 Iowa Terrace,828-186-4507
375,Caril,24-03-1996,2841 Dawn Court,303-934-7022
376,Eadith,14-07-1995,6 Larry Trail,455-517-2450
377,Audy,15-08-1995,196 Kennedy Pass,370-296-1381
378,Rudiger,02-12-1998,0245 Colorado Point,699-240-5327
379,Wolf,01-09-1995,8 Sauthoff Junction,364-590-9801
380,Kary,20-11-1996,6682 Westend Way,301-813-7237
381,Nicolea,27-01-1998,00548 Messerschmidt Terrace,370-270-7687
382,Layla,10-05-1995,9 Kedzie Point,290-981-0840
383,Aloisia,20-08-1996,91874 Prentice Avenue,519-815-7045
384,Rockie,06-07-1997,5 Luster Pass,791-167-7304
385,Karoly,05-09-1996,47598 Sloan Trail,974-593-1930
386,Fidelity,30-07-1995,9272 Porter Terrace,707-227-3293
387,Murray,24-01-1997,3821 Elka Pass,822-866-2362
388,Lemmie,22-03-1995,1816 Bellgrove Circle,915-873-6936
389,Jillana,15-06-1996,08592 Stang Point,544-621-8271
390,Amie,13-07-1998,23 Dottie Lane,991-491-6048
391,Natty,18-09-1995,4 Toban Plaza,857-558-2269
392,Malissia,02-02-1997,3 Jana Center,673-704-3040
393,Elvira,27-01-1998,9561 Dryden Parkway,603-431-2904
394,Uri,03-04-1995,8116 Waxwing Lane,934-610-7225
395,Laurianne,22-12-1997,1620 Gateway Junction,299-257-1439
396,Gertie,16-11-1995,99 Sommers Way,607-233-1315
397,Rhoda,16-05-1995,0 Milwaukee Junction,215-405-2969
398,Maxy,08-01-1996,25 Rieder Junction,756-257-4091
399,Baron,18-01-1997,724 Clemons Terrace,365-703-5871
400,Tildi,04-06-1996,73602 Shelley Court,629-507-0103
401,Denys,15-05-1998,786 Swallow Pass,151-873-0020
402,Hinze,02-04-1997,617 Evergreen Way,833-481-0076
403,Joye,23-05-1995,30707 Manley Hill,525-426-2177
404,Philly,02-07-1997,54058 John Wall Court,269-411-7390
405,Shaina,15-06-1995,958 Glacier Hill Trail,664-193-2402
406,Jinny,02-10-1998,5528 Ryan Avenue,730-218-1365
407,Vinson,13-04-1996,9207 High Crossing Place,669-186-0431
408,Riccardo,23-12-1996,72827 Texas Road,974-746-2016
409,Tonnie,19-12-1995,14875 Sundown Way,935-444-4446
410,Kin,10-12-1995,4 Golf Course Circle,575-301-4052
411,Mattias,20-02-1998,7 Manufacturers Parkway,631-922-0630
412,Thomasina,10-08-1996,53 Declaration Road,429-722-1434
413,Brooks,01-12-1997,149 Forest Center,870-396-4335
414,Ron,01-05-1996,0965 Beilfuss Plaza,578-390-0897
415,Greg,13-11-1998,361 Northview Circle,464-203-0893
416,Tad,12-04-1996,97 Miller Circle,381-880-3075
417,Adore,29-05-1997,2948 Hansons Pass,694-635-5176
418,Wilmar,29-03-1995,8 Crescent Oaks Park,833-590-5943
419,Clayson,09-09-1996,87 Stuart Drive,670-142-8532
420,Farleigh,30-03-1997,10 Ridgeway Hill,244-230-5731
421,Susan,10-11-1996,4974 Linden Place,273-408-5502
422,Petronella,01-09-1996,7649 Bowman Lane,529-745-1287
423,Lexine,23-02-1995,910 Corry Pass,864-941-5837
424,Rip,04-08-1995,9190 Rieder Place,457-848-3755
425,Gal,13-07-1998,54 Comanche Point,566-996-7459
426,Pepillo,03-08-1998,36 Arrowood Center,899-248-7506
427,Tedman,12-07-1998,445 Spaight Pass,107-899-0651
428,Torry,11-07-1996,048 Maple Crossing,899-164-8281
429,Johnnie,01-08-1996,57519 Rigney Court,531-763-2234
430,Branden,13-10-1998,086 Crowley Court,874-716-4581
431,Nickola,25-05-1997,39 South Park,908-498-1554
432,Bella,31-10-1998,3 Erie Drive,216-441-2464
433,Jean,25-11-1996,3387 Haas Place,312-705-4219
434,Gnni,04-12-1995,32436 Saint Paul Terrace,570-421-1195
435,Leigh,06-06-1996,7661 Almo Park,610-697-7473
436,Aldon,25-10-1997,729 Warbler Park,579-142-5712
437,Joya,04-06-1995,499 Fieldstone Crossing,189-402-7955
438,Averil,11-12-1995,5 Becker Point,520-874-8768
439,Rutter,23-10-1996,22103 New Castle Junction,288-829-9161
440,Merola,14-03-1995,3 Kipling Parkway,657-303-7163
441,Garry,18-10-1995,882 Eliot Park,477-108-0488
442,Atlante,27-11-1997,943 Melody Hill,837-483-6032
443,Kerwin,26-07-1997,886 Artisan Plaza,836-479-2898
444,Guillemette,20-01-1997,55 Johnson Lane,577-287-2703
445,Bradney,02-03-1995,19295 North Street,774-310-1944
446,Keven,25-09-1996,87365 Maywood Court,442-353-3267
447,Francklin,21-05-1998,3756 Summer Ridge Point,931-155-2672
448,Marijn,29-02-1996,14682 Acker Alley,920-759-9364
449,Derry,21-09-1995,84 Elgar Plaza,326-594-2631
450,Eldredge,08-03-1995,15465 Springview Crossing,859-261-8226
451,Giffy,21-01-1995,9 Reindahl Court,576-579-7366
452,Leonid,13-06-1998,4106 Memorial Court,938-797-5445
453,Wally,24-04-1998,3621 Delladonna Trail,304-836-7306
454,Barret,13-02-1997,8 Ohio Drive,346-229-8346
455,Nathan,13-05-1998,15 Golf Course Plaza,422-884-7292
456,Waneta,07-12-1997,326 Victoria Street,484-774-1156
457,Kelly,29-03-1998,8 Shasta Park,995-837-9612
458,Sean,10-05-1997,9613 Oak Valley Alley,175-608-5055
459,Pat,21-12-1998,99336 Northwestern Street,115-877-4093
460,Karia,28-02-1995,51 Fallview Drive,135-468-1544
461,Paxton,02-12-1996,1991 Sloan Alley,116-247-3515
462,Rachelle,19-10-1998,7675 Alpine Junction,607-301-2467
463,Paolina,30-07-1995,026 Jenna Junction,280-905-6934
464,Quentin,20-06-1997,299 Del Sol Point,202-883-8632
465,Axel,10-04-1997,378 Spenser Avenue,316-416-3892
466,Livvy,30-09-1998,8383 Lighthouse Bay Center,150-746-3214
467,Dana,10-12-1995,37 Merry Avenue,669-899-6944
468,Aron,03-06-1995,8 Lighthouse Bay Place,513-133-4079
469,Evie,03-01-1995,3735 Muir Circle,317-503-6602
470,Phil,23-04-1995,19124 Summit Alley,947-344-8294
471,Melamie,06-03-1997,6 Forest Dale Road,157-102-3132
472,Mab,22-02-1995,7323 Stephen Street,673-821-4318
473,Katey,09-04-1995,79 Oakridge Center,761-104-7472
474,Jemmy,07-08-1995,25 Chive Trail,267-736-2439
475,Janie,22-02-1996,56 Erie Park,951-277-8417
476,Nero,26-08-1998,63 Linden Avenue,836-469-6127
477,Marshall,17-01-1995,14245 Dapin Parkway,140-353-0884
478,Alejandro,24-05-1997,660 Butterfield Alley,512-685-6687
479,Sebastian,24-12-1996,77693 Grasskamp Circle,903-654-7516
480,Eleonore,14-01-1998,225 Badeau Parkway,243-705-4044
481,Willy,13-12-1997,09350 Sycamore Circle,756-481-8813
482,Ariel,18-06-1995,03530 Glendale Circle,916-685-4581
483,Rupert,13-02-1998,1 Declaration Hill,827-520-7985
484,Meryl,22-07-1996,33 Bunting Crossing,188-803-4503
485,Tobie,13-09-1998,691 Karstens Street,224-339-9741
486,Bree,11-03-1996,2 Hanson Trail,770-815-8538
487,Audry,05-07-1997,3470 Parkside Court,120-322-0788
488,Ricoriki,21-12-1997,5 Hoard Park,423-962-0925
489,Dore,18-08-1997,712 Alpine Trail,940-100-6600
490,Peadar,21-10-1996,88406 Elka Alley,589-216-3299
491,Carmela,01-01-1997,253 Vera Court,506-356-5549
492,Jyoti,21-06-1995,87 Lawn Lane,358-494-3876
493,Glad,17-09-1997,37 Kim Plaza,295-493-3232
494,Cletus,17-09-1997,71958 New Castle Way,555-415-2988
495,Tades,21-03-1995,330 Anderson Drive,844-134-4094
496,Jaimie,19-05-1997,08296 Pleasure Place,866-295-7205
497,Steve,21-12-1995,20 Waxwing Pass,869-437-8682
498,Tristan,12-02-1996,31 Westerfield Way,749-777-4846
499,Vere,11-03-1996,1 Lerdahl Pass,692-343-7800
500,Ashlin,03-07-1995,93187 Hovde Drive,749-270-2926
501,Fernanda,17-05-1998,5 Sundown Hill,794-550-4841
502,Shanie,20-11-1997,39636 Warbler Hill,812-670-7019
503,Mahmoud,05-03-1997,0307 Kedzie Hill,835-804-4456
504,Rianon,27-07-1997,255 Morrow Circle,640-901-1852
505,Ernesto,03-03-1995,0067 Continental Terrace,872-770-2253
506,Sherye,21-04-1997,1 West Park,350-960-2641
507,Sax,17-08-1997,54 Eagan Drive,119-842-5533
508,Jannelle,30-06-1995,31 Elka Pass,127-913-6316
509,Alessandra,27-10-1995,94 Farmco Trail,572-109-7964
510,Pavel,19-06-1996,77591 Dayton Drive,625-177-6948
511,Flynn,16-07-1998,5562 Thompson Terrace,561-760-6306
512,Hilary,03-03-1996,2023 Mayfield Lane,406-133-2895
513,Charmain,03-11-1995,77 Manitowish Pass,278-725-4786
514,Kerri,22-07-1998,08 Moose Street,648-141-5311
515,Johann,30-03-1996,6893 Arapahoe Street,362-472-8482
516,Mandy,02-10-1995,1923 Clyde Gallagher Trail,459-455-0647
517,Sherwood,21-01-1995,198 Sunfield Circle,202-974-9784
518,Dayna,16-02-1996,9121 Center Crossing,788-544-8493
519,Wood,26-12-1998,27 Cordelia Crossing,121-404-8705
520,Hildegaard,24-03-1997,0 Oakridge Parkway,171-384-3846
521,Alys,25-06-1998,8852 Heath Circle,950-694-9585
522,Meredeth,24-09-1997,34488 Manitowish Pass,757-478-7323
523,Grete,06-04-1995,543 Fairview Terrace,122-774-7969
524,Gracie,30-08-1998,7456 Fairfield Court,469-523-2084
525,Lilli,01-07-1996,7 Kensington Drive,531-563-2111
526,Lura,17-01-1995,29545 Kropf Lane,661-843-8789
527,Chloette,05-01-1996,05 Elgar Hill,409-711-3401
528,Alfy,23-12-1998,3448 Sutherland Hill,510-668-2785
529,Drucy,24-01-1997,73 Lake View Pass,365-817-1949
530,Isabella,10-07-1997,22180 Fallview Plaza,463-484-2654
531,Franni,31-03-1995,11 Bashford Court,613-566-4739
532,Osbourn,21-04-1997,333 Autumn Leaf Way,221-138-6785
533,Polly,27-02-1995,0 Moose Road,836-805-9917
534,Jamie,29-10-1996,3 Oak Valley Hill,481-386-9728
535,Fidelio,30-06-1996,0447 Reindahl Park,233-337-9367
536,Dawn,26-09-1995,8998 Doe Crossing Pass,226-849-2844
537,Mandi,29-07-1995,7 Carpenter Street,786-363-1489
538,Darrin,03-12-1998,3 Corscot Plaza,411-544-1469
539,Mildrid,12-12-1995,9 Reindahl Drive,770-964-2967
540,Bibbie,11-01-1996,5 Mifflin Trail,669-500-7654
541,Grady,19-06-1995,705 Corben Court,327-764-8844
542,Beret,10-04-1995,055 Mandrake Center,911-414-8052
543,Winonah,01-06-1998,91859 Brickson Park Trail,979-665-5477
544,Sandi,13-03-1997,76 Springview Pass,122-544-6442
545,Hinda,21-07-1995,8156 Village Green Center,934-283-3306
546,Alfie,06-06-1995,08844 Melrose Avenue,438-775-6878
547,Cullie,20-07-1997,7076 Monica Crossing,578-853-0575
548,Aveline,28-12-1996,379 Chive Circle,726-304-6996
549,Shayna,30-11-1997,59 Sunbrook Junction,781-546-2555
550,Marne,29-10-1995,4 Morningstar Terrace,645-248-8164
551,Mireille,24-11-1995,0 Rigney Circle,777-521-2176
552,Dicky,14-08-1996,5162 Bultman Way,931-421-6937
553,Lotte,03-04-1998,36363 Muir Hill,131-923-9425
554,Jacky,20-09-1997,872 Di Loreto Parkway,648-948-2851
555,Garv,11-09-1995,325 Mallard Street,104-506-1223
556,Aubrie,08-02-1996,542 Clemons Terrace,491-757-7245
557,Thaddeus,18-06-1998,6 Sachs Alley,847-900-7297
558,Maximilien,01-05-1998,963 Ilene Hill,410-888-0461
559,Josiah,18-03-1996,15 Spohn Trail,571-836-4409
560,Dorian,15-10-1996,64747 Paget Alley,204-184-0823
561,Berta,12-10-1998,15 Cottonwood Plaza,413-665-6870
562,Helenelizabeth,19-02-1997,08 Huxley Lane,644-647-6492
563,Sly,14-02-1996,55453 Westridge Place,687-411-4909
564,Fanya,22-03-1997,1 Coolidge Center,590-788-1566
565,Romona,01-11-1997,5 Briar Crest Point,726-582-0241
566,Vasili,27-09-1996,810 Katie Park,509-376-6144
567,Starla,21-12-1997,25678 Little Fleur Crossing,722-244-7503
568,Jena,23-02-1996,9843 Corscot Drive,325-176-4253
569,Kimberly,05-02-1995,09283 Nobel Avenue,318-286-8743
570,Donica,17-06-1996,20384 Johnson Lane,780-523-5757
571,Marty,11-02-1998,584 Debra Point,279-727-6744
572,Karolina,24-06-1996,12 Oak Terrace,597-297-0726
573,Jerrine,26-06-1997,9 Hauk Street,678-698-3123
574,Torre,05-03-1998,900 Elgar Parkway,947-264-5537
575,Xymenes,14-04-1997,7 Manitowish Circle,674-313-5434
576,Judye,13-06-1995,8 Stoughton Alley,369-654-9184
577,Sheba,29-10-1998,4 Haas Pass,176-178-8957
578,Creigh,17-03-1997,732 Sheridan Pass,589-720-3069
579,Aylmar,30-04-1995,314 Westridge Court,718-109-4029
580,Rosella,12-01-1997,1734 Rigney Junction,559-180-8530
581,Rita,23-04-1995,66278 Del Mar Terrace,799-762-5519
582,Timi,27-01-1998,63 Spohn Circle,432-635-6561
583,Lenee,28-05-1996,9 Summit Terrace,408-803-0640
584,Jess,20-09-1997,0 Manley Road,918-515-2997
585,Siobhan,03-11-1995,61068 Waywood Point,495-306-3717
586,Michele,22-01-1995,5 Forest Way,676-272-9650
587,Ewan,14-06-1996,0 Randy Park,725-474-6384
588,Dame,14-08-1995,42 Tennyson Center,405-711-5645
589,Suzy,28-10-1998,4 Lotheville Lane,211-302-4268
590,Donnell,08-01-1996,68 Anhalt Circle,253-994-0623
591,Siouxie,07-11-1996,5732 Johnson Parkway,304-266-0124
592,Clemence,08-04-1997,65 Judy Way,981-510-4123
593,Alan,16-05-1995,630 Ramsey Terrace,449-374-5124
594,Hardy,04-11-1996,861 Golf Street,875-446-8080
595,Cloe,03-04-1995,84329 Crowley Circle,159-297-6810
596,Ellene,31-05-1998,78534 Shopko Drive,220-427-9568
597,Grange,27-01-1995,7385 Warner Junction,181-623-1079
598,Cherish,18-03-1995,72190 Summerview Crossing,848-661-0181
599,Matthus,08-07-1995,695 Merrick Lane,842-985-9019
600,Cordelia,06-09-1996,66366 Drewry Road,274-246-8170
601,Jerry,04-10-1997,93 Lakewood Lane,308-900-7800
602,Dodie,19-11-1997,55196 Sage Circle,762-964-3914
603,Chere,31-01-1996,7036 Dottie Circle,973-255-5466
604,Alverta,29-12-1995,57886 Dottie Lane,372-608-4830
605,Lewie,22-04-1995,69 Sutteridge Point,805-502-8761
606,Brenn,17-06-1998,4516 Claremont Court,102-435-4289
607,Alejandro,10-04-1996,7 Truax Lane,724-403-7141
608,Merill,19-08-1995,4148 Menomonie Crossing,310-123-6161
609,Melvyn,27-01-1998,977 Melby Way,408-858-6144
610,Irving,13-09-1997,62 Beilfuss Crossing,510-145-8403
611,Carlene,05-11-1996,4 Meadow Ridge Road,986-692-1878
612,Lanna,29-10-1998,871 Ronald Regan Plaza,305-419-2113
613,Giovanna,03-08-1997,81511 Annamark Parkway,187-592-7647
614,Odelinda,08-05-1998,087 Arapahoe Lane,461-410-8526
615,Ninetta,08-01-1996,6 Homewood Hill,381-673-4207
616,Fidel,17-09-1998,3628 Michigan Crossing,191-454-9560
617,Lauretta,12-11-1998,4384 Portage Center,738-356-3491
618,Lindy,30-05-1995,56229 Holy Cross Avenue,582-186-0752
619,Ingra,16-08-1997,34 Butterfield Court,852-858-5500
620,Mandie,01-12-1997,69 Mcbride Street,715-109-9047
621,Jody,23-06-1996,83718 Coolidge Junction,613-300-6332
622,Payton,29-10-1998,76 Banding Lane,742-451-1285
623,Oona,31-07-1997,05 Bobwhite Center,137-382-7992
624,Agata,04-11-1998,910 Columbus Trail,923-177-3080
625,Arda,20-08-1998,281 Fair Oaks Lane,477-310-1787
626,Danyelle,03-01-1999,91049 Anderson Junction,703-111-6066
627,Ryon,27-11-1996,7 Kim Road,765-368-2890
628,Archibaldo,04-10-1995,85 Pierstorff Alley,222-583-4541
629,Jacquelin,29-09-1998,343 Huxley Center,499-629-0344
630,Ansell,13-11-1996,75960 Milwaukee Court,271-983-1584
631,Lind,09-09-1995,375 4th Lane,360-805-1959
632,Zeke,23-12-1997,7325 3rd Circle,256-640-4954
633,Peadar,13-09-1998,0740 Troy Crossing,931-352-6248
634,Reade,14-11-1996,4 Hazelcrest Center,380-213-4559
635,Fredrika,19-04-1998,2 3rd Street,315-947-5577
636,Zarla,04-03-1997,81606 Clove Place,628-377-9371
637,Olvan,01-09-1997,7658 Service Point,951-625-9964
638,Marabel,30-04-1996,04 Little Fleur Street,241-437-3237
639,Valaria,27-11-1996,71 Buena Vista Hill,569-199-8511
640,Franciska,18-10-1995,7 Dunning Street,807-751-4832
641,Ray,13-08-1997,4 Independence Trail,677-141-3879
642,Aluin,01-10-1996,3455 Ludington Place,602-255-3234
643,Veriee,04-05-1998,427 Shasta Road,402-892-6038
644,Randa,06-09-1998,2501 Meadow Valley Center,827-180-3264
645,Jehu,12-01-1995,7 Sullivan Alley,128-496-9016
646,Erica,18-09-1996,8 Eagan Alley,564-404-9167
647,Janella,26-11-1997,01 Rieder Terrace,544-191-6155
648,Cyndie,01-07-1998,59067 Johnson Alley,898-774-5717
649,Alidia,04-12-1996,6944 Spohn Street,667-467-6220
650,Elliott,03-06-1997,50 Crest Line Circle,256-228-9479
651,Arlana,28-07-1998,46638 Barby Point,551-613-0061
652,Maire,10-03-1996,74 Thackeray Junction,505-151-9783
653,Florri,13-02-1996,2565 Summit Avenue,711-447-8172
654,Tadd,20-10-1998,35027 Grasskamp Parkway,136-560-3125
655,Lind,07-09-1995,41 Transport Plaza,782-707-5986
656,Skyler,12-01-1996,8 Burning Wood Circle,259-180-4132
657,Anabal,29-12-1996,34095 Arkansas Avenue,279-490-6426
658,Chester,02-08-1996,33 Rutledge Avenue,629-130-6113
659,Robbin,28-09-1997,5891 Bartelt Terrace,893-472-3251
660,Kirsteni,28-11-1997,54 Schurz Crossing,675-615-9384
661,Horatia,01-11-1995,42 Truax Trail,846-648-7040
662,Hermy,31-07-1996,26639 Sage Hill,426-950-7437
663,Vivian,13-07-1998,97921 Prairie Rose Circle,878-764-5196
664,Mandy,11-05-1998,04772 Texas Circle,983-316-3291
665,Malory,02-04-1997,94343 Eastwood Street,361-694-7364
666,Sybilla,15-01-1996,73 Crowley Court,355-680-3148
667,Corbin,25-12-1995,6 Mccormick Drive,584-198-8887
668,Vergil,07-07-1995,2188 Spenser Plaza,338-503-6444
669,Rikki,07-01-1996,844 Debs Pass,511-563-1860
670,Jaquelin,03-08-1996,011 Bartillon Avenue,783-678-8667
671,Reeba,15-02-1995,1 Oakridge Street,498-661-4667
672,Cordi,18-06-1997,2 Drewry Point,257-200-5470
673,Dora,02-05-1998,2 Heath Terrace,571-784-9712
674,Lisetta,11-01-1998,8083 Schiller Road,787-238-8799
675,Nike,10-07-1996,781 Anhalt Parkway,600-254-2511
676,Randall,17-12-1995,12051 Morrow Center,775-918-6019
677,Christalle,10-02-1997,87895 Sherman Road,709-834-0876
678,Lynn,09-10-1998,5337 Butternut Plaza,438-466-5261
679,Laureen,30-09-1996,29 Darwin Circle,518-236-5453
680,Law,03-10-1995,62276 Mendota Crossing,781-625-5188
681,Brooks,21-09-1996,25 Tony Pass,663-346-6978
682,Nappy,04-03-1997,48568 Elmside Point,612-176-3931
683,Dwight,01-07-1995,8 Blue Bill Park Street,821-524-5903
684,Smith,23-03-1998,932 Fairfield Park,414-204-4173
685,Vikky,19-12-1998,8033 Superior Way,332-378-3718
686,Cathrine,25-10-1998,54 Northport Way,449-339-8433
687,Verge,16-03-1995,18572 Charing Cross Junction,457-537-8599
688,Loni,11-12-1995,55 Orin Trail,147-327-9891
689,Selena,10-03-1996,12 Rigney Circle,666-174-5115
690,Paulina,06-11-1995,93280 Arapahoe Junction,248-598-7224
691,Ado,07-09-1995,2092 Bartelt Road,307-535-5932
692,Corrianne,02-02-1995,50299 Northland Junction,527-841-1843
693,Carlyle,06-05-1997,94 Loomis Junction,854-664-9380
694,Burke,30-10-1996,9 Utah Hill,900-437-6020
695,Hatti,16-07-1996,1 Luster Crossing,693-194-8433
696,Cher,02-03-1996,680 Arizona Lane,656-938-2774
697,Mamie,22-11-1996,38 Marcy Terrace,958-402-6162
698,Manfred,15-12-1998,264 Kropf Road,853-893-5901
699,Dov,10-12-1998,580 Mallard Circle,190-742-6651
700,Arther,28-09-1998,327 Gulseth Lane,793-253-3220
701,Alexandr,30-08-1998,07121 International Alley,515-349-7750
702,Claudio,22-03-1996,78604 Kim Hill,181-318-8625
703,Darby,06-01-1996,72327 Charing Cross Drive,401-387-8065
704,Tobin,10-01-1995,783 Swallow Park,857-586-9571
705,Renault,18-05-1998,730 Farwell Parkway,851-207-3647
706,Nickolaus,17-03-1996,356 Daystar Way,119-414-5558
707,Onfre,06-02-1995,42148 Hooker Crossing,307-174-1682
708,Kass,03-06-1998,8 Londonderry Junction,719-182-7177
709,Franky,06-09-1995,316 Warbler Plaza,769-494-4872
710,Merle,30-03-1996,69871 Hagan Parkway,843-631-4124
711,Lorraine,29-10-1995,83 Northport Way,543-549-5939
712,Waylin,02-12-1995,5196 Mitchell Parkway,678-473-4771
713,Mellie,30-04-1996,446 Maryland Way,404-508-9771
714,Pippo,11-03-1997,8 Kipling Place,629-839-4028
715,Alameda,23-11-1998,38 Mayfield Circle,202-746-5573
716,Coralie,09-10-1995,31287 Chinook Street,965-150-1940
717,Jojo,08-03-1996,47 Fisk Center,759-505-0517
718,Ingaberg,21-09-1995,78 Old Shore Way,633-460-9575
719,Caryl,10-01-1998,1 David Court,254-855-3874
720,Ina,30-01-1998,58586 Miller Junction,188-105-8299
721,Constantia,09-09-1995,7636 Sauthoff Trail,403-119-0784
722,Sadye,16-01-1998,52398 Memorial Plaza,384-308-9514
723,Madelon,03-08-1997,22 Gulseth Lane,498-321-6762
724,Ardene,27-08-1995,200 Coolidge Way,765-630-1150
725,Josephine,28-12-1995,03 Browning Hill,809-630-9640
726,Shawna,05-09-1997,41 Loeprich Crossing,505-660-6411
727,Oberon,09-05-1995,513 Moose Trail,749-630-0774
728,Annissa,15-08-1998,6712 La Follette Point,227-671-3883
729,Bordy,10-10-1996,198 Acker Hill,488-310-7700
730,Pattie,22-06-1998,03 Burning Wood Way,658-442-2070
731,Jolee,13-04-1995,1 6th Point,227-457-0740
732,Phebe,21-12-1997,74 Delaware Alley,908-527-1469
733,Cassie,20-10-1995,6369 Schurz Hill,239-331-9866
734,Monroe,22-10-1998,25629 Bobwhite Plaza,318-318-0788
735,Dorolice,13-07-1998,87129 Fisk Trail,596-698-0317
736,Nancey,11-01-1996,95738 Ridgeview Hill,583-272-3269
737,Pansie,31-08-1995,2 Arapahoe Road,723-981-7279
738,Karl,09-04-1998,55 Beilfuss Drive,696-476-7085
739,Gifford,14-02-1998,9 Lukken Trail,791-415-1938
740,Frankie,31-08-1997,6694 Buena Vista Drive,799-522-2399
741,Kelly,04-12-1998,5611 Bayside Avenue,643-657-9820
742,Tyrone,28-06-1997,13 Loomis Street,463-694-0725
743,Hew,07-02-1995,27 Moulton Trail,661-443-2746
744,Kahlil,04-03-1995,51248 Fisk Plaza,493-815-6815
745,Ruprecht,07-03-1996,7537 Dunning Plaza,285-876-2486
746,Jackquelin,25-03-1998,58 Susan Way,340-770-7692
747,Tobey,14-12-1995,3886 Arapahoe Alley,500-329-0464
748,Dolli,05-08-1998,4 Norway Maple Way,920-760-0925
749,Blair,07-07-1997,0 Hudson Alley,212-913-8217
750,Alfi,19-05-1997,373 Mayfield Alley,402-312-6173
751,Saunder,03-04-1995,147 Northfield Terrace,839-962-0473
752,Zerk,10-08-1996,8811 Mayfield Road,765-950-4689
753,Amandi,16-04-1996,1689 Armistice Park,292-655-8869
754,Kahaleel,31-01-1998,13 Jenna Court,677-595-2207
755,Doralyn,12-12-1995,163 Bayside Lane,961-734-9479
756,Kassey,06-07-1996,5727 Bashford Point,659-896-5592
757,Ardath,13-02-1996,5 Lakewood Junction,496-788-8575
758,Dania,16-02-1997,7 Victoria Way,424-710-3333
759,Riccardo,06-01-1996,6 Dapin Parkway,350-736-4608
760,Chantalle,23-12-1997,0862 Lakewood Gardens Court,612-686-6853
761,Kelley,14-03-1997,58 Tomscot Point,561-767-7793
762,Adina,13-02-1997,4 Loomis Plaza,844-589-6892
763,Elizabeth,27-11-1998,8043 Sheridan Trail,373-795-0555
764,Siouxie,12-02-1995,42 Cottonwood Plaza,989-213-2036
765,Leontine,08-01-1998,2 Straubel Lane,827-830-8624
766,Jodi,25-02-1996,7179 Barby Parkway,716-946-4169
767,Alden,30-01-1997,6 Derek Drive,393-144-3605
768,Jarret,25-04-1995,44567 Burrows Pass,605-531-5088
769,Naoma,10-05-1997,37 Monument Point,992-258-0065
770,Rockey,07-09-1997,22726 Susan Trail,636-327-4100
771,Claudie,15-04-1996,9635 Dapin Way,198-196-8820
772,Smith,27-09-1995,1634 Arizona Crossing,506-251-7014
773,Haskell,04-02-1995,5153 Stang Pass,421-358-8832
774,Debora,14-02-1996,00 Pennsylvania Court,689-193-4876
775,Nady,07-10-1997,399 Glacier Hill Lane,775-261-1834
776,Karel,15-07-1998,4843 Di Loreto Park,277-769-8394
777,Ulises,21-05-1996,82022 Heath Avenue,463-385-9623
778,Millie,23-02-1997,348 Donald Center,941-255-3059
779,Fiorenze,15-04-1995,2 Rieder Center,812-190-5835
780,Mack,01-05-1996,57 Thierer Court,537-413-3157
781,Frayda,25-05-1998,660 Westport Hill,887-118-4550
782,Ermanno,20-02-1995,608 Melrose Avenue,517-307-4543
783,Jodi,03-06-1998,11593 Coolidge Junction,301-501-2765
784,Julie,28-05-1997,00 Bayside Parkway,348-635-8936
785,Nicolis,07-08-1998,697 Maple Junction,609-106-7273
786,Tomaso,16-06-1996,8885 International Lane,710-708-8956
787,Morse,16-09-1997,463 Main Park,770-658-0516
788,Wendeline,04-01-1995,51 Farmco Way,653-879-7309
789,Terri,31-03-1997,245 Continental Junction,358-530-8202
790,Carson,12-09-1995,5178 John Wall Street,225-954-7480
791,Stoddard,05-07-1998,144 Twin Pines Point,255-863-7322
792,Archaimbaud,01-03-1995,8834 Ruskin Road,941-241-6365
793,Lindsey,28-07-1996,0 Oriole Terrace,132-733-9834
794,Reina,10-05-1995,898 Hoepker Terrace,974-574-0793
795,Auberon,24-06-1995,95 Continental Point,783-809-4932
796,Emmanuel,12-12-1995,523 Grim Pass,338-328-0137
797,Joseito,31-08-1998,206 Merry Parkway,807-133-9693
798,Verna,01-03-1995,5014 North Alley,291-770-2342
799,Rubina,01-10-1996,926 Cottonwood Hill,485-846-6208
800,Paulita,12-11-1995,0082 Milwaukee Center,812-338-6469
801,Evvie,08-06-1996,07 Westport Alley,234-693-5299
802,Nancee,10-09-1996,339 Mayer Park,736-351-1324
803,Halsey,25-12-1997,2315 Gale Avenue,170-756-2510
804,Jess,26-10-1998,160 Darwin Parkway,352-736-8960
805,Lynnell,09-02-1997,73154 Manufacturers Way,148-271-1411
806,Haslett,26-07-1997,35 Nova Drive,565-748-9828
807,Urson,04-11-1995,215 Forest Run Point,617-755-6026
808,Malynda,28-11-1996,62 Hayes Junction,883-253-4543
809,Gustav,27-04-1997,93 Milwaukee Avenue,212-856-4786
810,Bethany,16-08-1997,294 Thierer Terrace,174-400-7240
811,Correy,13-11-1996,84233 4th Plaza,177-929-5168
812,Bondon,07-12-1995,71 Packers Park,667-465-4074
813,Ernie,25-05-1996,070 Pearson Terrace,642-404-6111
814,Simone,27-08-1998,02571 Green Ridge Trail,682-690-4240
815,Kurtis,02-07-1995,44737 Huxley Terrace,842-492-8398
816,Bank,19-11-1995,33 Surrey Place,407-507-5535
817,Else,21-09-1995,7790 Huxley Avenue,457-418-3641
818,Hildagard,12-02-1997,1 Kings Lane,925-614-3936
819,Boniface,16-08-1997,2 Merchant Point,759-859-2884
820,Reeba,22-07-1998,4241 Eagan Park,338-453-0993
821,Shayne,13-11-1997,61351 Truax Way,833-790-6241
822,Annamaria,12-08-1995,4 Charing Cross Place,800-818-0467
823,Honoria,15-08-1995,28 Garrison Avenue,217-491-6862
824,Maurizia,28-12-1997,60676 Eggendart Road,819-554-4604
825,Logan,18-08-1996,3 Crownhardt Way,582-201-3511
826,Conney,09-12-1997,650 Calypso Court,906-908-1462
827,Alon,23-09-1995,5 6th Parkway,355-961-9804
828,Di,04-02-1996,4 Pine View Point,464-433-2041
829,Yoshi,21-12-1995,466 Esker Pass,415-113-2126
830,Sheffield,24-01-1996,60826 Superior Plaza,975-613-0079
831,Durant,03-10-1998,067 Thackeray Place,648-792-8423
832,Mersey,26-07-1996,50553 Vernon Plaza,551-908-5561
833,Sandye,05-09-1998,913 Tennessee Plaza,341-129-6439
834,Willy,12-04-1997,385 Hanover Trail,210-768-7108
835,Trixy,08-10-1995,00840 Meadow Valley Center,244-306-1274
836,Hill,10-04-1997,2294 Petterle Lane,629-352-9307
837,Thaddus,01-07-1997,49 Paget Parkway,745-742-8235
838,Ravid,18-02-1997,422 Oriole Terrace,386-287-1426
839,Kissiah,21-08-1996,12301 Heffernan Street,994-959-3313
840,Florinda,28-07-1998,96 Forest Court,268-935-1320
841,Frank,21-08-1998,9 Continental Terrace,867-553-3781
842,Kippar,20-04-1997,881 Reindahl Trail,332-323-0032
843,Goddart,21-01-1995,466 Barby Lane,592-526-8422
844,Alberta,14-10-1996,9605 Kensington Center,973-810-8066
845,Mitchael,03-01-1997,321 Fordem Junction,503-928-2329
846,Worthy,10-02-1995,9010 Anzinger Point,924-269-7655
847,Idalia,09-06-1997,276 Roth Lane,180-415-1214
848,Kip,20-11-1998,290 8th Road,425-190-6299
849,Kandace,02-04-1995,6 Mallory Street,955-536-0304
850,Kessia,15-04-1995,24448 Manley Street,572-115-6964
851,Sheffy,28-10-1997,6 Schmedeman Court,246-226-8589
852,Ewart,24-04-1996,4 Lighthouse Bay Hill,500-144-4095
853,Rebekah,15-09-1998,4116 Mesta Parkway,288-184-7313
854,Winny,22-03-1997,884 Eastlawn Hill,574-227-4375
855,Angelita,26-04-1998,598 Nelson Park,352-169-2571
856,Allina,12-10-1998,98337 Lunder Pass,508-258-7624
857,Lynnette,14-09-1996,7960 Rockefeller Drive,763-436-7006
858,Caitrin,01-06-1995,932 Melby Hill,534-150-3286
859,Grove,24-08-1996,6 Hansons Court,350-737-7237
860,Inglebert,24-04-1995,2935 Del Mar Drive,163-149-5718
861,Mordy,04-11-1995,67106 Northwestern Pass,171-690-0974
862,Orran,24-06-1995,82462 Badeau Park,770-865-0600
863,Dede,19-03-1995,46 Hayes Court,471-120-0386
864,Joeann,07-03-1996,4838 Riverside Hill,170-104-6914
865,Granny,08-02-1995,7239 Carioca Alley,200-120-8002
866,Stacia,14-12-1996,89423 Esch Lane,219-854-8253
867,Mariann,22-11-1997,83 Spenser Park,321-707-4144
868,Audi,16-08-1997,19 Blaine Court,817-618-8356
869,Bert,04-12-1995,322 Lighthouse Bay Road,497-176-8679
870,Giselbert,13-10-1998,27 Del Mar Place,824-660-4882
871,Ginelle,09-01-1996,62815 Erie Circle,744-993-7787
872,Kendal,06-03-1997,41860 Leroy Avenue,956-344-8206
873,Barry,01-02-1995,49 Fuller Junction,452-931-7603
874,Sidney,01-02-1997,686 Meadow Ridge Road,769-659-8936
875,Steward,04-01-1998,882 Bunting Trail,321-821-5049
876,Idelle,20-04-1996,587 Menomonie Street,591-566-2059
877,Garek,03-10-1995,5 Stang Alley,659-445-8219
878,Daphne,11-01-1998,5 Victoria Place,867-377-0301
879,Querida,20-07-1998,91970 Bowman Plaza,780-628-9236
880,Dane,11-11-1996,1456 Meadow Ridge Junction,824-951-9731
881,Mildred,16-09-1995,02 Merry Center,522-712-8451
882,Marla,21-11-1997,20 Vermont Street,525-822-3564
883,Stanwood,24-02-1998,9761 Algoma Avenue,148-119-1019
884,Laura,17-11-1997,330 Del Mar Drive,760-756-6193
885,Pearline,22-06-1997,4118 Norway Maple Trail,101-838-7439
886,Roberto,12-08-1995,5 Kinsman Hill,475-767-5552
887,Mile,06-12-1998,29395 Gulseth Road,207-574-8550
888,Cari,01-02-1997,665 Fairview Terrace,162-558-8986
889,Karlen,03-03-1995,90085 Corry Alley,253-222-5502
890,Gilligan,28-10-1996,3674 Fair Oaks Avenue,816-297-1775
891,Henrie,09-04-1996,7427 Talmadge Terrace,720-567-3799
892,Isiahi,12-09-1997,7773 Cottonwood Drive,616-490-6310
893,Eddy,22-02-1997,60432 Declaration Pass,169-488-6071
894,Mart,11-09-1997,6570 5th Place,955-601-8546
895,Collin,04-10-1996,8 Elgar Point,727-156-9695
896,Blondell,18-08-1996,62116 Sauthoff Street,273-808-9546
897,Odessa,26-11-1995,78 Barnett Way,964-216-2257
898,Wilma,22-07-1998,5 Dwight Court,386-544-7263
899,Christabel,06-01-1997,2 Kim Pass,701-771-9403
900,Tammara,09-12-1996,999 Sachtjen Court,467-321-2486
901,Pierette,26-01-1995,51 Corscot Plaza,847-683-2366
902,Brok,28-11-1998,584 Merchant Crossing,711-910-1405
903,Valentino,16-03-1995,909 Clarendon Court,206-155-0849
904,Alvira,02-03-1995,2 Straubel Hill,946-184-4419
905,Dagmar,23-04-1996,5 Di Loreto Center,274-987-8935
906,Ilse,16-12-1997,1 Mariners Cove Parkway,804-610-9679
907,Leone,12-08-1996,67315 Prairieview Park,394-228-3682
908,Gisela,26-01-1996,81 Golf Course Plaza,873-521-8250
909,Engracia,22-05-1996,785 Sullivan Point,132-266-9138
910,Gerianna,31-08-1995,3738 Little Fleur Avenue,536-657-9429
911,Kennett,10-10-1997,55149 Elka Junction,524-123-8186
912,Kassey,27-10-1997,6641 Huxley Park,939-688-2405
913,Halsy,27-01-1997,5295 5th Pass,763-531-7193
914,Vincenty,07-12-1997,34 Granby Junction,114-510-6718
915,Dorian,16-09-1995,374 Merchant Terrace,423-191-6020
916,Georg,13-10-1997,8492 Ryan Park,597-433-7371
917,Scot,13-11-1997,080 Prentice Point,401-731-2975
918,Sileas,17-07-1996,2732 Bluejay Junction,725-830-8582
919,Pauli,21-02-1997,68 Old Shore Circle,427-797-9475
920,Nanny,15-08-1997,5 Longview Hill,756-979-7898
921,Tedmund,15-04-1996,0 Fairfield Lane,528-441-6239
922,Raffarty,21-05-1996,159 North Road,750-219-3457
923,Aldwin,07-09-1995,494 Rowland Court,742-254-1621
924,Budd,19-04-1996,33 Erie Pass,993-860-9623
925,Barty,24-06-1998,69 Springview Alley,885-859-6907
926,Adamo,20-04-1996,61 Glendale Parkway,888-917-8396
927,Gawen,16-07-1995,38165 Londonderry Hill,288-298-5065
928,Kellen,08-05-1995,22605 Ridgeview Circle,400-490-1335
929,Pincas,15-04-1996,5324 Merry Crossing,598-256-6776
930,Ingrid,02-01-1996,331 Elka Lane,369-253-7183
931,Jamesy,02-03-1995,58 Melody Plaza,788-684-2903
932,Elyse,01-05-1997,839 Melby Hill,596-500-5327
933,Sancho,24-07-1995,5 Kropf Lane,528-321-2788
934,Carlita,28-09-1998,9 Warrior Alley,394-423-6787
935,Lars,06-11-1996,66 Heath Way,713-676-2102
936,Michaella,30-04-1997,653 Eliot Avenue,270-943-5104
937,Belva,10-01-1996,17 Lake View Pass,393-785-7463
938,Casandra,11-10-1997,893 Hollow Ridge Place,854-733-0378
939,Tisha,13-08-1995,062 Dennis Circle,320-236-0305
940,Joachim,04-11-1995,53 Sullivan Plaza,859-329-8974
941,Beverie,29-05-1995,5493 Randy Drive,765-927-3245
942,Eileen,02-10-1995,0680 Springview Drive,765-309-1739
943,Courtney,03-12-1995,49 Mccormick Parkway,896-406-3417
944,Carena,31-10-1996,6671 Linden Center,345-190-4716
945,Mel,22-07-1998,843 Cordelia Hill,228-652-1290
946,Lauraine,31-03-1996,03 Eastwood Lane,922-102-1876
947,Aubree,08-08-1996,9 Norway Maple Center,872-748-9362
948,Lil,23-12-1995,3 Summit Trail,303-930-1649
949,Roxane,21-01-1998,44125 Utah Pass,316-130-2154
950,Kathlin,16-07-1995,8 Cardinal Hill,895-506-6504
951,Brooke,16-01-1997,03 Roth Terrace,666-579-9626
952,Elka,28-02-1998,824 Bunker Hill Parkway,287-929-8084
953,Ron,11-04-1997,69 Autumn Leaf Street,862-698-6784
954,Marcellina,06-08-1998,152 2nd Junction,110-272-3728
955,Bobbie,26-09-1997,91 Eggendart Point,974-155-6300
956,Karon,28-11-1995,63 Menomonie Junction,256-492-4543
957,Mannie,02-05-1997,58039 Thackeray Junction,401-632-5355
958,Margareta,14-06-1998,122 Monica Avenue,829-986-6846
959,Obediah,27-03-1995,75421 Lindbergh Parkway,315-226-3026
960,Loralee,19-03-1996,5 Lukken Center,928-809-4322
961,Emmit,23-12-1996,1 Sugar Place,737-124-1742
962,Cyndi,29-01-1998,91 Cody Alley,657-905-6661
963,Moina,10-08-1997,28089 Lakewood Point,800-162-4348
964,Corabella,31-07-1998,4 Express Court,723-855-9631
965,Hurlee,20-12-1998,12 Calypso Pass,772-744-6568
966,Dominique,18-11-1998,604 Debs Drive,633-816-8523
967,Egon,08-04-1995,7 Sachs Hill,101-717-9549
968,Ardyth,01-11-1997,41165 Morningstar Parkway,330-557-8042
969,Innis,17-04-1997,683 Londonderry Drive,960-712-1247
970,Gilli,01-05-1998,8 Lakeland Park,179-764-5971
971,Gerrard,04-04-1996,10 Westridge Drive,275-622-7213
972,Al,10-09-1998,1318 Dunning Court,855-996-2098
973,Magnum,13-03-1997,6 Harper Point,443-613-8145
974,Penelopa,14-08-1998,1255 Delladonna Center,392-500-6145
975,Erik,30-10-1998,8451 Quincy Point,451-195-6192
976,Ferrel,17-12-1998,1 Memorial Terrace,941-360-4531
977,Chandler,26-02-1997,8 Bluestem Trail,537-400-7813
978,Vale,10-12-1997,5 Declaration Junction,854-888-6539
979,Julianna,01-08-1998,0638 Moose Avenue,169-450-1424
980,Lilllie,21-04-1995,588 Cottonwood Alley,280-869-9195
981,Jess,24-10-1997,65 Monument Point,570-279-1971
982,Venus,16-10-1996,1904 Hermina Junction,109-368-6809
983,Courtenay,05-10-1996,37953 Sauthoff Alley,994-576-8469
984,Lily,27-03-1998,9 Raven Park,266-742-1107
985,Salomon,10-09-1997,38 Hanson Trail,394-274-1952
986,See,21-06-1995,8724 Orin Lane,312-331-9554
987,Bone,26-02-1995,159 Meadow Ridge Parkway,407-775-6024
988,Myranda,18-01-1996,886 Banding Avenue,889-259-7330
989,Tucker,05-12-1996,52 Hallows Circle,982-588-2569
990,Eartha,21-11-1995,2542 Northport Lane,512-242-2433
991,Tonnie,29-12-1998,749 Surrey Center,772-335-6212
992,Alano,07-01-1997,8381 Corben Alley,990-212-0890
993,Shane,20-03-1997,092 Grasskamp Park,157-436-5744
994,Genovera,28-11-1996,3 6th Terrace,360-125-5567
995,Bibbye,06-12-1997,83 Sundown Street,222-100-7803
996,Humphrey,10-05-1997,1486 Eastwood Park,345-152-7275
997,Vale,16-03-1998,92 Pearson Circle,559-809-1094
998,Chan,27-10-1997,5731 Hansons Court,429-541-9910
999,Mannie,17-01-1996,71509 Carioca Park,196-985-4712
1000,Rancell,24-04-1998,2796 Crest Line Pass,183-870-9208
